--1--
--CREATING THE DISTRICT TABLE--
CREATE TABLE Districts
       (DISTRICTID VARCHAR2(10),
	DISTRICTNAME VARCHAR2(40),
	DISTRICTCOUNTY VARCHAR2(25) NOT NULL,
	DISTRICTSTATE VARCHAR2(2),
	CONSTRAINT Districts_DISTRICTID_PK PRIMARY KEY(DISTRICTID));
  
--INSERTING DATA INTO THE DISTRICT TABLE--
--LEANDER INDEPENDENT HIGHT SCHOOL DISTRICT--
INSERT INTO DISTRICTS
	VALUES('LISD','LEANDER INDEPENDENT SCHOOL DISTRICT','WILLIAMSON COUNTY','TX');
--AUSTIN INDEPENDENT HIGHT SCHOOL DISTRICT--
INSERT INTO DISTRICTS
	VALUES('AISD','AUSTIN INDEPENDENT SCHOOL DISTRICT','TRAVIS COUNTY','TX');
--ROUND ROCK INDEPENDENT HIGHT SCHOOL DISTRICT--
INSERT INTO DISTRICTS
	VALUES('RISD','ROUND ROCK INDEPENDENT SCHOOL DISTRICT','WILLIAMSON COUNTY','TX');

--2--
--CREATING THE SCHOOLS TABLE--
CREATE TABLE Schools 
       (SCHOOLID NUMBER(6),
	DISTRICTID VARCHAR2(10),
	SCClassification VARCHAR2(2) NOT NULL,
	SCName VARCHAR2(40) NOT NULL,
	SCAddress VARCHAR2(40),
	SCCity VARCHAR2(15),
	SCState VARCHAR2(2),
	SCZip NUMBER(5),
	SCTelephone# CHAR(18),
	CONSTRAINT SCHOOLS_SCHOOLID_PK PRIMARY KEY (SCHOOLID),
	CONSTRAINT SCHOOLS_DISTRICTID_FK FOREIGN KEY (DISTRICTID)
    		REFERENCES Districts (DISTRICTID),
	CONSTRAINT SCHOOLS_SCName_UK UNIQUE(SCName));
  
--INSERTING DATA INTO THE SCHOOLS TABLE--
--LISD District--
INSERT INTO SCHOOLS
	VALUES (112536,'LISD','5A','VANDEGRIFT HIGH SCHOOL','9500 MCNEIL DRIVE','AUSTIN','TX',78750,'(512)570-2300');

INSERT INTO SCHOOLS
	VALUES (200355,'LISD','6A','ROUSE HIGH SCHOOL','1222 RAIDER WAY ','LEANDER','TX',78641,'(512)570-2000 ');

INSERT INTO SCHOOLS
	VALUES (145523,'LISD','5A','VISTA RIDGE HIGH SCHOOL','200 SOUTH VISTA RIDGE Blvd','CEDAR PARK','TX',78613,'(512)570-1800 ');

INSERT INTO SCHOOLS
	VALUES (133625,'LISD','5A','LEANDER HIGH SCHOOL','3301 SOUTH BAGDAD ROAD','CEDAR PARK','TX',78641,'(512)570-1000');

--AISD district --
INSERT INTO SCHOOLS
	VALUES (245886,'AISD','5A','AUSTIN HIGH SCHOOL','1715 WEST CESAR CHAVEZ ST','AUSTIN','TX',78703,'(512)414-2505');

INSERT INTO SCHOOLS
	VALUES (103324,'AISD','6A','WESTWOOD HIGH SCHOOL','12400 MELLOW MEADOW RD','AUSTIN','TX',78750,'(512)464-4000 ');

INSERT INTO SCHOOLS
	VALUES (235778,'AISD','5A','MC CALLUM HIGH SCHOOL','5600 SUNSHINE DRIVE','AUSTIN','TX',78756,'512-414-2519');

--RISD district--
INSERT INTO SCHOOLS
	VALUES (144205,'RISD','6A','MCNEIL HIGH SCHOOL','5720 MCNEIL ST','ROUND ROCK','TX',78721,'(512)464-6300');

--3--
--CREATING THE STUDENTS TABLE--
CREATE TABLE Students 
  (STUDENTID NUMBER(8),
	SCHOOLID NUMBER(6),
	STFname VARCHAR2(10) NOT NULL,
	STLname VARCHAR2(10) NOT NULL,
	STGENDER VARCHAR2(10),
	STAddress VARCHAR2(40),
	STCity VARCHAR2(15),
	STState VARCHAR2(2),
	STZip NUMBER(5),
	STDateOfBirth Date NOT NULL,
	STClassification VARCHAR2(15),
	STRank NUMBER(3),
	CONSTRAINT Students_PK PRIMARY KEY(STUDENTID,SCHOOLID),
	CONSTRAINT Students_STUDENTID_UK UNIQUE(STUDENTID),
	CONSTRAINT Students_SCHOOLID_FK FOREIGN KEY(SCHOOLID)
    		REFERENCES SCHOOLS (SCHOOLID),
	CONSTRAINT STUDENTS_STGENDER_CK CHECK (STGENDER IN ('MALE','FEMALE')),
	CONSTRAINT Students_STClassification_CK CHECK 
      		(STClassification IN ('FRESHMAN','SOPHOMORE','JUNIOR','SENIOR')));

--INSERTING DATA INTO THE STUDENTS TABLE --
--LISD--
--VANDEGRIFT HIGH SCHOOL--
INSERT INTO STUDENTS
	VALUES(15500,112536,'CHRIS','ADKINS','MALE','1201 ORANGE AVE','AUSTIN','TX',78726,TO_DATE('31-MAR-2000','DD-MON-YYYY'),'JUNIOR',25);

INSERT INTO STUDENTS
	VALUES(12330,112536,'AMANDA','MENEZ','FEMALE','114 EAST SAVANNAH RD','AUSTIN','TX',78726,TO_DATE('31-OCT-2002','DD-MON-YYYY'),'FRESHMAN',55);

--ROUSE HIGH SCHOOL--
INSERT INTO STUDENTS
	VALUES(200366,200355,'MANUELLA','PINTO','FEMALE','58 TILA CIRCLE DR','AUSTIN','TX',78722,TO_DATE('15-APR-2000','DD-MON-YYYY'),'JUNIOR',66);

INSERT INTO STUDENTS
	VALUES(123554,200355,'PAULA','SIMPSON','FEMALE','13 S HANOWRTH DR','AUSTIN','TX',78708,TO_DATE('13-JAN-1999','DD-MON-YYYY'),'SENIOR',50);

--VISTA RIDGE HIGH SCHOOL--
INSERT INTO STUDENTS
	VALUES(255633,145523,'PETER','FRANK','MALE','9800 POPULAR HILL St','AUSTIN','TX',78654,TO_DATE('31-MAR-2002','DD-MON-YYYY'),'FRESHMAN',26);

INSERT INTO STUDENTS
	VALUES(255344,145523,'STEPHEN','WHITE','MALE','1008 GRAND AVENUE','AUSTIN','TX',78755,TO_DATE('17-NOV-1999','DD-MON-YYYY'),'SENIOR',48);

--LEANDER HIGH SCHOOL--
INSERT INTO STUDENTS
	VALUES(124330,133625,'ANDREA','BUSKET','FEMALE','310 LETTIE ST','AUSTIN','TX',78700,TO_DATE('22-MAY-2001','DD-MON-YYYY'),'SOPHOMORE',90);

INSERT INTO STUDENTS
	VALUES(124336,133625,'BRANDON','LINDSEY','MALE','102 FOWLER ST','GEORGETOWN','TX',78620,TO_DATE('10-APR-2000','DD-MON-YYYY'),'JUNIOR',70);

--AISD--
--AUSTIN HIGH SCHOOL--
INSERT INTO STUDENTS
	VALUES(185441,245886,'MARIA','GOMEZ','FEMALE','69821 SOUTH AVENUE','AUSTIN','TX',78729,TO_DATE('07-SEP-1999','DD-MON-YYYY'),'SENIOR',48);

INSERT INTO STUDENTS
	VALUES(185442,245886,'MARIANA','HERNANDEZ','FEMALE','540 FORTSMITH DR','CEDAR PARK','TX',78733,TO_DATE('12-DEC-2002','DD-MON-YYYY'),'FRESHMAN',18);

--WESTWOOD HIGH SCHOOL--
INSERT INTO STUDENTS
	VALUES(120485,103324,'SOPHIA','AFLEK','FEMALE','7618 MOUNTAIN RD','AUSTIN','TX',78643,TO_DATE('03-OCT-2000','DD-MON-YYYY'),'JUNIOR',25);

INSERT INTO STUDENTS
	VALUES(120336,103324,'BRYAN','FRENCH','MALE','95812 HIGHWAY 98','AUSTIN','TX',78641,TO_DATE('18-FEB-2001','DD-MON-YYYY'),'SOPHOMORE',86);

--MC CALLUM HIGH SCHOOL--
INSERT INTO STUDENTS
	VALUES(410558,235778,'BOB','MOODY','MALE','1008 GRAND AVENUE','AUSTIN','TX',78762,TO_DATE('24-JUN-1999','DD-MON-YYYY'),'SENIOR',10);

INSERT INTO STUDENTS
	VALUES(410559,235778,'BEN','BLESSING','MALE','2100 BROOK TRAIL ST','AUSTIN','TX',78722,TO_DATE('11-JUL-2002','DD-MON-YYYY'),'FRESHMAN',32);

--RISD--
--MCNEIL HIGH SCHOOL--
INSERT INTO STUDENTS
	VALUES(320515,144205,'MICHAEL','RICO','MALE','887 HOT ASPHALT ST','PFLEUGERVIL','TX',78726,TO_DATE('20-APR-1999','DD-MON-YYYY'),'SENIOR',50);
  
INSERT INTO STUDENTS
	VALUES(320600,144205,'SANTOS','CHAVEZ','MALE','120 BRADSTONE DR','CEDAR PARK','TX',78730,TO_DATE('15-JAN-2001','DD-MON-YYYY'),'SOPHOMORE',10);
  
--4--
--CREATING THE TEACHERS TABLE--
CREATE TABLE Teachers
	(TEACHERID NUMBER(6),
	SCHOOLID NUMBER(6),
	TEFname VARCHAR2(10) not null,
	TELname VARCHAR2(10)not null,
	TEGENDER VARCHAR2(10)not null,
	TEAddress VARCHAR2(30),
	TECity VARCHAR2(15),
	TEState VARCHAR2(2),
	TEZip NUMBER(5),
	TEPhone# CHAR(18),
	TEEmail VARCHAR2(40),
	CONSTRAINT Teachers_TEACHERID_PK PRIMARY KEY (TEACHERID),
	CONSTRAINT Teachers_SCHOOLID_FK FOREIGN KEY(SCHOOLID)
		REFERENCES SCHOOLS (SCHOOLID),
	CONSTRAINT CONSTRAINT_TEGENDER_CK CHECK(TEGENDER IN ('MALE','FEMALE')));
  
--4--CREATING--THE--TEACHERID--SEQUENCE--
CREATE SEQUENCE TEACHERS_TEACHERID_SEQ
	INCREMENT BY 1
	START WITH 100
	MAXVALUE 999999
	NOCACHE
	NOCYCLE;

--INSERTING DATA INTO THE TEACHERS TABLE--
INSERT INTO TEACHERS
	VALUES(TEACHERS_TEACHERID_SEQ.NEXTVAL,(SELECT SCHOOLID FROM SCHOOLS WHERE SCNAME LIKE '%VANDEGRIFT%'),'RICHARD','ANDERSON','MALE',
	'756 NORTHRIDGE RD','AUSTIN','TX',78726,'(512)452-4588','RICHARDANDERSON@YAHOO.COM');

INSERT INTO TEACHERS
	VALUES(TEACHERS_TEACHERID_SEQ.NEXTVAL,(SELECT SCHOOLID FROM SCHOOLS WHERE SCNAME LIKE '%ROUSE%'),'BRET','WHITE','MALE',
	'1100 CRISTAL AVE','AUSTIN','TX',78730,'(512)478-2455','BRETWHITE@GMAIL.COM');

INSERT INTO TEACHERS
	VALUES(TEACHERS_TEACHERID_SEQ.NEXTVAL,(SELECT SCHOOLID FROM SCHOOLS WHERE SCNAME LIKE '%WESTWOOD%'),'LARRY','CLARK','MALE',
	'16 JASMIN ST','ROUND ROCK','TX',78641,'(830)122-3699','LARRY_CLARK@HOTMAIL.COM');

INSERT INTO TEACHERS
	VALUES(TEACHERS_TEACHERID_SEQ.NEXTVAL,(SELECT SCHOOLID FROM SCHOOLS WHERE SCNAME LIKE '%VANDEGRIFT%'),'DERRIK','MADISON','MALE',
	'700 BOULDER LANE','AUSTIN','TX',78723,'(512)245-7001','MADISONDERRIK@YAHOO.COM');

INSERT INTO TEACHERS
	VALUES(TEACHERS_TEACHERID_SEQ.NEXTVAL,(SELECT SCHOOLID FROM SCHOOLS WHERE SCNAME LIKE '%MCNEIL%'),'AMANDA','DIESEL','FEMALE',
	'210 SPRING ST','ROUND ROCK','TX',78720,'(512)442-2121','DIESEL_AMANDA@AOL.COM');

INSERT INTO TEACHERS
	VALUES(TEACHERS_TEACHERID_SEQ.NEXTVAL,(SELECT SCHOOLID FROM SCHOOLS WHERE SCNAME LIKE '%AUSTIN%'),'ARIANA','HILL','FEMALE',
	'76 CAMPNO DR','HUTO','TX',78622,'(720)454-4511','ARIANA_HILL22@APPLE.COM');
  
--5--
--CREATING THE PARENTS TABLE--
CREATE TABLE Parents
	(DRIVERLIC# NUMBER(8),
	SCHOOLID NUMBER(6) ,
	PAFname VARCHAR2(12) NOT NULL,
	PALname VARCHAR2(12) NOT NULL,
	PAGENDER VARCHAR2(10),
	MaritalStatus VARCHAR2(10),
	PAAddress VARCHAR2(20),
	PACity VARCHAR2(15),
	PAState VARCHAR2(2),
	PAZip NUMBER(5),
	PAEmail VARCHAR2(30),
	PAPhone# CHAR(15),
	CONSTRAINT Parents_DRIVERLICENSE#_PK PRIMARY KEY (DRIVERLIC#),
	CONSTRAINT PARENTS_PAGENDER_CK CHECK (PAGENDER IN ('MALE','FEMALE')),
	CONSTRAINT PARENTS_MaritalStatus_CK CHECK 
  		(MaritalStatus IN ('MARRIED','DIVORCED','SINGLE','WIDOWED','SEPARATED')),
	CONSTRAINT Parents_SCHOOLID_FK FOREIGN KEY (SCHOOLID)
  		REFERENCES Schools (SCHOOLID));

--INSERTING DATA INTO THE PARENTS TABLE
INSERT INTO PARENTS
	VALUES(10522310,112536,'SCOTT','ADKINS','MALE','MARRIED','1201 ORANGE AVE','AUSTIN','TX',78726,'SCOTTMARTINEZ@YMAIL.COM','(830)625-8566');

INSERT INTO PARENTS
	VALUES(13622145,112536,'FRED','ALI','MALE','WIDOWED','114 EAST SAVANNAH RD','AUSTIN','TX',78726,'MARLEYFRED1@GMAIL.COM','(512)111-1200');

INSERT INTO PARENTS
	VALUES(20455611,200355,'BRANDY','PINTO','FEMALE','MARRIED','58 TILA CIRCLE DR','AUSTIN','TX',78722,'LOPEZBRANDY15@AOL.COM','(512)159-7856');

INSERT INTO PARENTS
	VALUES(45233162,200355,'ANDREW','SIMPSON','MALE','MARRIED','958 MAGNOLIA LANE','AUSTIN','TX',78728,'ANDREWBAR@GMAIL.COM','(720)025-9845');

INSERT INTO PARENTS
	VALUES(10536658,145523,'ADRIANA','WALTON','FEMALE','DIVORCED','561 ROUNDABOUT WAY','AUSTIN','TX',78644,'CARDO_ADRIANA@YAHOO.COM','(730)258-6512');

INSERT INTO PARENTS
	VALUES(10457888,145523,'CINDY','WHITE','FEMALE','MARRIED','1008 GRAND AVENUE','AUSTIN','TX',78755,'CINDY_AMA45@DELL.COM','(512)357-5400');

INSERT INTO PARENTS
	VALUES(78522145,133625,'QUEEN','COOK','FEMALE','SINGLE','558A CAPITOL HWY','AUSTIN','TX',78626,'QUEENADRIANA@YMAIL.COM','(210)654-6602');

INSERT INTO PARENTS
	VALUES(32011458,133625,'FRANK','TEVEZ','MALE','SINGLE','9153 MAIN STREET','AUSTIN','TX',78700,'FRANK.ANGEL@GMAIL.COM','(320)415-1244');

INSERT INTO PARENTS
	VALUES(44451033,245886,'SAMI','GOMEZ','MALE','MARRIED','69821 SOUTH AVENUE','AUSTIN','TX',78729,'ARIFSAMI@YAHOO.COM','(740)158-1245');
	
INSERT INTO PARENTS
	VALUES(10522345,245886,'CHRISTIE','MURO','FEMALE','SEPARATED','102 WEST LAFAYETTE','AUSTIN','TX',78733,'SCOTTMARTINEZ@iCLOUD.COM','(720)333-2356');

INSERT INTO PARENTS
	VALUES(88820100,103324,'STEPHEN','AFLEK','MALE','MARRIED','7618 MOUNTAIN RD','AUSTIN','TX',78643,'STEPHENALVARO@ORACLE.COM','(512)444-1123');

INSERT INTO PARENTS
	VALUES(63887410,103324,'CHRISTOPH','FRENCH','MALE','MARRIED','95812 HIGHWAY 98','AUSTIN','TX',78641,'CHRISTOPHFRE@APPLE.COM','(144)578-2213');

INSERT INTO PARENTS
	VALUES(95220036,235778,'SANDRA','MOODY','FEMALE','MARRIED','1008 GRAND AVENUE','AUSTIN','TX',78762,'SANDRA_THOMPSON@SAMSUNG.COM','(310)661-3301');

INSERT INTO PARENTS
	VALUES(78755421,235778,'ARIJ','RICHARD','FEMALE','SEPARATED','195 JAMISON LANE','AUSTIN','TX',78750,'ARIJ.FARHAT@GMAIL.COM','(380)420-5603');

INSERT INTO PARENTS
	VALUES(32210101,144205,'PATRIK','RICO','MALE','MARRIED','887 HOT ASPHALT ST','PFLEUGERVIL','TX',78726,'CHANG_PATRIK@GMAIL.COM','(830)522-0012');

INSERT INTO PARENTS
	VALUES(20011455,144205,'MIGUEL','DASILVA','MALE','SINGLE','1295 WINDY AVENUE','ROUND ROCK','TX',78726,'LEEHU25@YAHOO.COM','(512)114-3302');

--6--
--CREATING THE ROOMS TABLE--
CREATE TABLE Rooms
       (ROOM# NUMBER(5),
	BUILDING# VARCHAR2(2) NOT NULL,
	ROOMCAPACITY NUMBER(2),
	CONSTRAINT Rooms_ROOM#_PK PRIMARY KEY (ROOM#));

--INSERTING DATA INTO THE ROOMS TABLE--
INSERT INTO ROOMS
	VALUES(201,'A',36);

INSERT INTO ROOMS
	VALUES(620,'C',50);

INSERT INTO ROOMS
	VALUES(310,'B',44);

INSERT INTO ROOMS
	VALUES(100,'A',32);

INSERT INTO ROOMS
	VALUES(205,'D',26);

INSERT INTO ROOMS
	VALUES(458,'E',60);

--7--
--CREATING THE CLASSES TABLE--
CREATE TABLE Classes
	(CLASSID VARCHAR2(10),
	ROOM# NUMBER(5),
	TEACHERID NUMBER(6),
	CLName VARCHAR2(30) NOT NULL,
	CLSize NUMBER(2),
	CLCATEGORY VARCHAR2(35) NOT NULL,
	CONSTRAINT Classes_CLASSID_PK PRIMARY KEY (CLASSID),
	CONSTRAINT Classes_TEACHERID_FK FOREIGN KEY (TEACHERID)
  		REFERENCES TEACHERS (TEACHERID),
	CONSTRAINT Classes_ROOM#_FK FOREIGN KEY (ROOM#)
  		REFERENCES Rooms (ROOM#),
	CONSTRAINT Classes_CLSize_CK CHECK (CLSize <= 30));

--INSERTING DATA INTO THE CLASSES TABLE--
INSERT INTO CLASSES
	VALUES ('TRI-11',620,(SELECT TEACHERID FROM TEACHERS WHERE TEFNAME LIKE '%AMANDA%'),'TRIGONOMETRY',29, 'MATH');

INSERT INTO CLASSES
	VALUES ('GEO-23',205,(SELECT TEACHERID FROM TEACHERS WHERE TEFNAME LIKE '%RICHARD%'),'GEOLOGY',21, 'SCIENCE');

INSERT INTO CLASSES
	VALUES ('LAW-1',100,(SELECT TEACHERID FROM TEACHERS WHERE TEFNAME LIKE '%BRET%'),'LAW',26,'SOCIAL STUDIES');

INSERT INTO CLASSES
	VALUES ('HIS-21',458,(SELECT TEACHERID FROM TEACHERS WHERE TEFNAME LIKE '%ARIANA%'),'AP HUMAN GEOGRAPHY',30,'HISTORY AND SOCIAL SCIENCE');

INSERT INTO CLASSES
	VALUES ('PED-01',201,(SELECT TEACHERID FROM TEACHERS WHERE TEFNAME LIKE '%LARRY%'),'YOGA',20,'PHYSICAL EDUCATION');

INSERT INTO CLASSES
	VALUES ('ENG-01',458,(SELECT TEACHERID FROM TEACHERS WHERE TEFNAME LIKE '%DERRIK%'),'BRITISH LITERATURE',28, 'ENGLISH');

INSERT INTO CLASSES
	VALUES ('ENG-11',310,(SELECT TEACHERID FROM TEACHERS WHERE TEFNAME LIKE '%DERRIK%'),'POPULAR LITERATURE',22, 'ENGLISH');

INSERT INTO CLASSES
	VALUES ('CIT-02',100,(SELECT TEACHERID FROM TEACHERS WHERE TEFNAME LIKE '%AMANDA%'),'WEB DESIGN',29, 'COMPUTER SCIENCE/IT');

--8--
--CREATING ATTENDANCE TABLE--
CREATE TABLE Attendance 
	(ATTENDANCEID NUMBER(6),
	STUDENTID NUMBER(8),
	TEACHERID NUMBER(6),
	CLASSID VARCHAR2(10),
	ATDate DATE NOT NULL,
	NUMBEROFABS NUMBER(2),
	REASONOFABS VARCHAR2(30) NOT NULL,
	CONSTRAINT Attendance_PK PRIMARY KEY (ATTENDANCEID,STUDENTID),
	CONSTRAINT Attendance_ATTENDANCEID_UK UNIQUE(ATTENDANCEID),
	CONSTRAINT ATTENDANCE_STUDENTID_FK FOREIGN KEY (STUDENTID)
    		REFERENCES STUDENTS (STUDENTID),
	CONSTRAINT Attendance_CLASSID_FK FOREIGN KEY (CLASSID)
    		REFERENCES CLASSES (CLASSID),
	CONSTRAINT Attendance_TEACHERID_FK FOREIGN KEY (TEACHERID)
    		REFERENCES TEACHERS (TEACHERID),
	CONSTRAINT Attendence_REASONOFABS_CK CHECK 
            (REASONOFABS IN ('LATE ARRIVAL','SICK','DOCTOR APPOINTMENT','FAMILY NEEDS','FUNERAL','VACATION','OTHER')),
	CONSTRAINT Attendance_NUMBEROFABS_CK CHECK(NUMBEROFABS <= 6));
  
--8--CREATING-THE--ATTENDANCEID-SEQUENCE---
CREATE SEQUENCE ATTENDANCE_ATTENDANCEID_SEQ
	INCREMENT BY 1
	START WITH 100
	MAXVALUE 1000
	NOCACHE
	NOCYCLE;
  
-- INSSERTING DATA INTO THE ATTENDANCE TABLE--
INSERT INTO ATTENDANCE
	VALUES(ATTENDANCE_ATTENDANCEID_SEQ.NEXTVAL,185441,(SELECT TEACHERID FROM TEACHERS WHERE TEFNAME LIKE '%AMANDA%'),
	(SELECT CLASSID FROM CLASSES WHERE CLNAME LIKE'%MATH%'),TO_DATE('12-MAR-15','DD-MON-YYYY'),2,'SICK');

INSERT INTO ATTENDANCE
	VALUES(ATTENDANCE_ATTENDANCEID_SEQ.NEXTVAL,410558,(SELECT TEACHERID FROM TEACHERS WHERE TEFNAME LIKE '%DERRIK%'),
	(SELECT CLASSID FROM CLASSES WHERE CLNAME LIKE'%SCI%'),TO_DATE('29-OCT-14','DD-MON-YYYY'),5,'VACATION');

INSERT INTO ATTENDANCE
	VALUES(ATTENDANCE_ATTENDANCEID_SEQ.NEXTVAL,120485,(SELECT TEACHERID FROM TEACHERS WHERE TEFNAME LIKE '%RICHARD%'),
	(SELECT CLASSID FROM CLASSES WHERE CLNAME LIKE'%ENG%'),TO_DATE('04-JUL-16','DD-MON-YYYY'),3,'OTHER');

INSERT INTO ATTENDANCE
	VALUES(ATTENDANCE_ATTENDANCEID_SEQ.NEXTVAL,320515,(SELECT TEACHERID FROM TEACHERS WHERE TEFNAME LIKE '%BRET%'),
	(SELECT CLASSID FROM CLASSES WHERE CLNAME LIKE'%EDU%'),TO_DATE('17-FEB-13','DD-MON-YYYY'),4,'LATE ARRIVAL');

INSERT INTO ATTENDANCE
	VALUES(ATTENDANCE_ATTENDANCEID_SEQ.NEXTVAL,120336,(SELECT TEACHERID FROM TEACHERS WHERE TEFNAME LIKE '%ARIANA%'),
	(SELECT CLASSID FROM CLASSES WHERE CLNAME LIKE'%COM%'),TO_DATE('22-APR-15','DD-MON-YYYY'),1,'LATE ARRIVAL');

--9--
--CREATING THE GRADES TABLE--
CREATE TABLE Grades
	(GRADEID NUMBER(6),
	STUDENTID NUMBER(8),
	CLASSID VARCHAR2(10),
	TESTGRADE NUMBER(5,2) not null,
	EXAMGRADE NUMBER(6,2) not null,
	AVGGRADE NUMBER(6,2) NOT NULL,
	FINALGRADE VARCHAR2(10) not null,
	CONSTRAINT Grades_PK PRIMARY KEY(STUDENTID,GRADEID),
	CONSTRAINT Grades_GRADEID_UK UNIQUE (GRADEID),
	CONSTRAINT GRADES_STUDENTID_FK FOREIGN KEY (STUDENTID)
    		REFERENCES STUDENTS (STUDENTID),
	CONSTRAINT GRADES_CLASSID_FK FOREIGN KEY (CLASSID)
    		REFERENCES CLASSES (CLASSID),
	CONSTRAINT Grades_FINALGRADE_CK CHECK (FINALGRADE  IN ('A','B','C','D','F','WITHDRAW')));

--9-CREATING-THE-GRADEID--SEQUENCE----
CREATE SEQUENCE GRADES_GRADEID_SEQ
	INCREMENT BY 1
	START WITH 100
	MAXVALUE 1000
	NOCACHE
	NOCYCLE;
  
--INSERTING DATA INTO THE GRADES TABLE--
INSERT INTO GRADES
	VALUES (GRADES_GRADEID_SEQ.NEXTVAL,320600,'HIS-21',82.5,89.2,((82.5+89.2)/2),'B');

INSERT INTO GRADES
	VALUES (GRADES_GRADEID_SEQ.NEXTVAL,410558,'TRI-11',98,90,((98+90)/2),'A');

INSERT INTO GRADES
	VALUES (GRADES_GRADEID_SEQ.NEXTVAL,320515,'HIS-21',75.5,70,((75.5+70)/2),'C');

INSERT INTO GRADES
	VALUES (GRADES_GRADEID_SEQ.NEXTVAL,410559,'PED-01',89,75,((89+75)/2),'B');

INSERT INTO GRADES
	VALUES (GRADES_GRADEID_SEQ.NEXTVAL,120485,'GEO-23',0,0,((0+0)/2),'WITHDRAW');

INSERT INTO GRADES
	VALUES (GRADES_GRADEID_SEQ.NEXTVAL,120336,'CIT-02',0,0,((0+0)/2),'WITHDRAW');

INSERT INTO GRADES
	VALUES (GRADES_GRADEID_SEQ.NEXTVAL,185442,'ENG-01',87.5,95,((87.5+95)/2),'A');

--10--
--CREATING THE ENROLLMENT TABLE--
CREATE TABLE ENROLLMENT
	(ENROLLID NUMBER(10),
	STUDENTID NUMBER(8),
	CLASSID VARCHAR2(10),
	EnrollStatus VARCHAR2(20) NOT NULL,
	EnrollDate DATE ,
	CONSTRAINT Enrollment_PK PRIMARY KEY (STUDENTID,ENROLLID),
	CONSTRAINT Enrollment_ENROLLID_UK UNIQUE(ENROLLID),
	CONSTRAINT Enrollment_CLASSID_FK FOREIGN KEY (CLASSID)
    		REFERENCES CLASSES (CLASSID),
	CONSTRAINT Enrollment_STUDENTID_FK FOREIGN KEY (STUDENTID)
    		REFERENCES STUDENTS (STUDENTID),
	CONSTRAINT Enrollment_EnrollStatus_CK CHECK 
		(EnrollStatus IN ('ENROLLED','NOT ENROLLED')));

--10--CREATING--THE-ENROLLID--SEQUENCE---
CREATE SEQUENCE ENROLLMENT_ENROLLID_SEQ
	INCREMENT BY 1
	START WITH 100
	MAXVALUE 1000
	NOCACHE
	NOCYCLE;
  
--INSERTING DATA INTO THE ENROLLMENT TABLE--
INSERT INTO ENROLLMENT
	VALUES(ENROLLMENT_ENROLLID_SEQ.NEXTVAL,(SELECT STUDENTID FROM STUDENTS WHERE STLNAME LIKE 'MENEZ'),'PED-01','ENROLLED',TO_DATE('12-AUG-15','DD-MON-YYYY'));

INSERT INTO ENROLLMENT
	VALUES(ENROLLMENT_ENROLLID_SEQ.NEXTVAL,(SELECT STUDENTID FROM STUDENTS WHERE STLNAME LIKE 'FRANK'),'CIT-02','ENROLLED',TO_DATE('25-OCT-15','DD-MON-YYYY'));

INSERT INTO ENROLLMENT
	VALUES(ENROLLMENT_ENROLLID_SEQ.NEXTVAL,(SELECT STUDENTID FROM STUDENTS WHERE STLNAME LIKE 'AFLEK'),'GEO-23','ENROLLED',TO_DATE('12-JUL-13','DD-MON-YYYY'));

INSERT INTO ENROLLMENT
	VALUES(ENROLLMENT_ENROLLID_SEQ.NEXTVAL,(SELECT STUDENTID FROM STUDENTS WHERE STLNAME LIKE 'SIMPSON'),'HIS-21','NOT ENROLLED',NULL);

INSERT INTO ENROLLMENT
	VALUES(ENROLLMENT_ENROLLID_SEQ.NEXTVAL,(SELECT STUDENTID FROM STUDENTS WHERE STLNAME LIKE 'MENEZ'),'LAW-1','ENROLLED',TO_DATE('12-JAN-15','DD-MON-YYYY'));

INSERT INTO ENROLLMENT
	VALUES(ENROLLMENT_ENROLLID_SEQ.NEXTVAL,(SELECT STUDENTID FROM STUDENTS WHERE STLNAME LIKE 'WHITE'),'ENG-11','ENROLLED',TO_DATE('12-SEP-13','DD-MON-YYYY'));

INSERT INTO ENROLLMENT
	VALUES(ENROLLMENT_ENROLLID_SEQ.NEXTVAL,(SELECT STUDENTID FROM STUDENTS WHERE STLNAME LIKE 'FRENCH'),'TRI-11','ENROLLED',TO_DATE('12-AUG-13','DD-MON-YYYY'));

INSERT INTO ENROLLMENT
	VALUES(ENROLLMENT_ENROLLID_SEQ.NEXTVAL,(SELECT STUDENTID FROM STUDENTS WHERE STLNAME LIKE 'HERNANDEZ'),'PED-01','ENROLLED',TO_DATE('11-APR-14','DD-MON-YYYY'));

INSERT INTO ENROLLMENT
	VALUES(ENROLLMENT_ENROLLID_SEQ.NEXTVAL,(SELECT STUDENTID FROM STUDENTS WHERE STLNAME LIKE 'BLESSING'),'ENG-11','ENROLLED',TO_DATE('12-NOV-13','DD-MON-YYYY'));

INSERT INTO ENROLLMENT
	VALUES(ENROLLMENT_ENROLLID_SEQ.NEXTVAL,(SELECT STUDENTID FROM STUDENTS WHERE STLNAME LIKE 'GOMEZ'),'ENG-01','ENROLLED',TO_DATE('12-SEP-14','DD-MON-YYYY'));

INSERT INTO ENROLLMENT
	VALUES(ENROLLMENT_ENROLLID_SEQ.NEXTVAL,(SELECT STUDENTID FROM STUDENTS WHERE STLNAME LIKE 'GOMEZ'),'GEO-23','NOT ENROLLED',TO_DATE('08-SEP-16','DD-MON-YYYY'));

INSERT INTO ENROLLMENT
	VALUES(ENROLLMENT_ENROLLID_SEQ.NEXTVAL,(SELECT STUDENTID FROM STUDENTS WHERE STLNAME LIKE 'BUSKET'),'CIT-02','NOT ENROLLED',NULL);

INSERT INTO ENROLLMENT
	VALUES(ENROLLMENT_ENROLLID_SEQ.NEXTVAL,(SELECT STUDENTID FROM STUDENTS WHERE STLNAME LIKE 'WHITE'),'TRI-11','ENROLLED',TO_DATE('01-JUN-13','DD-MON-YYYY'));

INSERT INTO ENROLLMENT
	VALUES(ENROLLMENT_ENROLLID_SEQ.NEXTVAL,(SELECT STUDENTID FROM STUDENTS WHERE STLNAME LIKE 'LINDSEY'),'PED-01','ENROLLED',TO_DATE('17-MAY-15','DD-MON-YYYY'));

INSERT INTO ENROLLMENT
	VALUES(ENROLLMENT_ENROLLID_SEQ.NEXTVAL,(SELECT STUDENTID FROM STUDENTS WHERE STLNAME LIKE 'ADKINS'),'HIS-21','ENROLLED',TO_DATE('01-JUL-15','DD-MON-YYYY'));

INSERT INTO ENROLLMENT
	VALUES(ENROLLMENT_ENROLLID_SEQ.NEXTVAL,(SELECT STUDENTID FROM STUDENTS WHERE STLNAME LIKE 'MOODY'),'PED-01','NOT ENROLLED',TO_DATE('22-FEB-15','DD-MON-YYYY'));